name,full_name,description,topics,stars,url
tensorflow,tensorflow/tensorflow,An Open Source Machine Learning Framework for Everyone,"['deep-learning', 'deep-neural-networks', 'distributed', 'machine-learning', 'ml', 'neural-network', 'python', 'tensorflow']",193275,https://github.com/tensorflow/tensorflow
transformers,huggingface/transformers,"ğŸ¤— Transformers: the model-definition framework for state-of-the-art machine learning models in text, vision, audio, and multimodal models, for both inference and training. ","['audio', 'deep-learning', 'deepseek', 'gemma', 'glm', 'hacktoberfest', 'llm', 'machine-learning', 'model-hub', 'natural-language-processing', 'nlp', 'pretrained-models', 'python', 'pytorch', 'pytorch-transformers', 'qwen', 'speech-recognition', 'transformer', 'vlm']",154733,https://github.com/huggingface/transformers
pytorch,pytorch/pytorch,Tensors and Dynamic neural networks in Python with strong GPU acceleration,"['autograd', 'deep-learning', 'gpu', 'machine-learning', 'neural-network', 'numpy', 'python', 'tensor']",96440,https://github.com/pytorch/pytorch
ML-For-Beginners,microsoft/ML-For-Beginners,"12 weeks, 26 lessons, 52 quizzes, classic Machine Learning for all","['data-science', 'education', 'machine-learning', 'machine-learning-algorithms', 'machinelearning', 'machinelearning-python', 'microsoft-for-beginners', 'ml', 'python', 'r', 'scikit-learn', 'scikit-learn-python']",82957,https://github.com/microsoft/ML-For-Beginners
LLMs-from-scratch,rasbt/LLMs-from-scratch,"Implement a ChatGPT-like LLM in PyTorch from scratch, step by step","['ai', 'artificial-intelligence', 'chatbot', 'chatgpt', 'deep-learning', 'from-scratch', 'generative-ai', 'gpt', 'language-model', 'large-language-models', 'llm', 'machine-learning', 'neural-networks', 'python', 'pytorch', 'transformers']",82571,https://github.com/rasbt/LLMs-from-scratch
netdata,netdata/netdata,"The fastest path to AI-powered full stack observability, even for lean teams.","['ai', 'alerting', 'cncf', 'data-visualization', 'database', 'devops', 'docker', 'grafana', 'influxdb', 'kubernetes', 'linux', 'machine-learning', 'mcp', 'mongodb', 'monitoring', 'mysql', 'netdata', 'observability', 'postgresql', 'prometheus']",77279,https://github.com/netdata/netdata
d2l-zh,d2l-ai/d2l-zh,ã€ŠåŠ¨æ‰‹å­¦æ·±åº¦å­¦ä¹ ã€‹ï¼šé¢å‘ä¸­æ–‡è¯»è€…ã€èƒ½è¿è¡Œã€å¯è®¨è®ºã€‚ä¸­è‹±æ–‡ç‰ˆè¢«70å¤šä¸ªå›½å®¶çš„500å¤šæ‰€å¤§å­¦ç”¨äºæ•™å­¦ã€‚,"['book', 'chinese', 'computer-vision', 'deep-learning', 'machine-learning', 'natural-language-processing', 'notebook', 'python']",74779,https://github.com/d2l-ai/d2l-zh
llm-course,mlabonne/llm-course,Course to get into Large Language Models (LLMs) with roadmaps and Colab notebooks.,"['course', 'large-language-models', 'llm', 'machine-learning', 'roadmap']",72628,https://github.com/mlabonne/llm-course
tesseract,tesseract-ocr/tesseract,Tesseract Open Source OCR Engine (main repository),"['hacktoberfest', 'lstm', 'machine-learning', 'ocr', 'ocr-engine', 'tesseract', 'tesseract-ocr']",71772,https://github.com/tesseract-ocr/tesseract
cs-video-courses,Developer-Y/cs-video-courses,List of Computer Science courses with video lectures.,"['algorithms', 'bioinformatics', 'computational-biology', 'computational-physics', 'computer-architecture', 'computer-science', 'computer-vision', 'database-systems', 'databases', 'deep-learning', 'embedded-systems', 'machine-learning', 'quantum-computing', 'reinforcement-learning', 'robotics', 'security', 'systems', 'web-development']",70527,https://github.com/Developer-Y/cs-video-courses
awesome-scalability,binhnguyennus/awesome-scalability,"The Patterns of Scalable, Reliable, and Performant Large-Scale Systems","['architecture', 'awesome', 'awesome-list', 'backend', 'big-data', 'computer-science', 'design-patterns', 'devops', 'distributed-systems', 'interview', 'interview-practice', 'interview-questions', 'lists', 'machine-learning', 'programming', 'resources', 'scalability', 'system', 'system-design', 'web-development']",67631,https://github.com/binhnguyennus/awesome-scalability
annotated_deep_learning_paper_implementations,labmlai/annotated_deep_learning_paper_implementations,"ğŸ§‘â€ğŸ« 60+ Implementations/tutorials of deep learning papers with side-by-side notes ğŸ“; including transformers (original, xl, switch, feedback, vit, ...), optimizers (adam, adabelief, sophia, ...), gans(cyclegan, stylegan2, ...), ğŸ® reinforcement learning (ppo, dqn), capsnet, distillation, ... ğŸ§ ","['attention', 'deep-learning', 'deep-learning-tutorial', 'gan', 'literate-programming', 'lora', 'machine-learning', 'neural-networks', 'optimizers', 'pytorch', 'reinforcement-learning', 'transformer', 'transformers']",65216,https://github.com/labmlai/annotated_deep_learning_paper_implementations
scikit-learn,scikit-learn/scikit-learn,scikit-learn: machine learning in Python,"['data-analysis', 'data-science', 'machine-learning', 'python', 'statistics']",64564,https://github.com/scikit-learn/scikit-learn
keras,keras-team/keras,Deep Learning for humans,"['data-science', 'deep-learning', 'jax', 'machine-learning', 'neural-networks', 'python', 'pytorch', 'tensorflow']",63694,https://github.com/keras-team/keras
OpenBB,OpenBB-finance/OpenBB,"Financial data platform for analysts, quants and AI agents.","['ai', 'crypto', 'derivatives', 'economics', 'equity', 'finance', 'fixed-income', 'machine-learning', 'openbb', 'options', 'python', 'quantitative-finance', 'stocks']",57580,https://github.com/OpenBB-finance/OpenBB
yolov5,ultralytics/yolov5,YOLOv5 ğŸš€ in PyTorch > ONNX > CoreML > TFLite,"['coreml', 'deep-learning', 'ios', 'machine-learning', 'ml', 'object-detection', 'onnx', 'pytorch', 'tflite', 'ultralytics', 'yolo', 'yolov3', 'yolov5']",56581,https://github.com/ultralytics/yolov5
face_recognition,ageitgey/face_recognition,The world's simplest facial recognition api for Python and the command line,"['face-detection', 'face-recognition', 'machine-learning', 'python']",56006,https://github.com/ageitgey/face_recognition
faceswap,deepfakes/faceswap,Deepfakes Software For All,"['deep-face-swap', 'deep-learning', 'deep-neural-networks', 'deepface', 'deepfakes', 'deeplearning', 'face-swap', 'faceswap', 'fakeapp', 'machine-learning', 'myfakeapp', 'neural-nets', 'neural-networks', 'openfaceswap']",54856,https://github.com/deepfakes/faceswap
llm-app,pathwaycom/llm-app,"Ready-to-run cloud templates for RAG, AI pipelines, and enterprise search with live data. ğŸ³Docker-friendly.âš¡Always in sync with Sharepoint, Google Drive, S3, Kafka, PostgreSQL, real-time data APIs, and more.","['chatbot', 'hugging-face', 'llm', 'llm-local', 'llm-prompting', 'llm-security', 'llmops', 'machine-learning', 'open-ai', 'pathway', 'rag', 'real-time', 'retrieval-augmented-generation', 'vector-database', 'vector-index']",53297,https://github.com/pathwaycom/llm-app
ultralytics,ultralytics/ultralytics,Ultralytics YOLO ğŸš€,"['cli', 'computer-vision', 'deep-learning', 'hub', 'image-classification', 'instance-segmentation', 'machine-learning', 'object-detection', 'pose-estimation', 'python', 'pytorch', 'rotated-object-detection', 'segment-anything', 'tracking', 'ultralytics', 'yolo', 'yolo-world', 'yolo11', 'yolo26', 'yolov8']",50883,https://github.com/ultralytics/ultralytics
union,unionlabs/union,"The trust-minimized, zero-knowledge bridging protocol, designed for censorship resistance, extremely high security, and usage in decentralized finance.","['astro', 'blockchain', 'cosmos', 'cosmwasm', 'ethereum', 'evm', 'golang', 'indexer', 'interoperability', 'move', 'nix', 'prover', 'relayer', 'rust', 'solidity', 'svelte', 'typescipt', 'typescript', 'zero-knowledge']",74415,https://github.com/unionlabs/union
fuel-core,FuelLabs/fuel-core,Rust full node implementation of the Fuel v2 protocol.,"['blockchain', 'fuel']",57417,https://github.com/FuelLabs/fuel-core
go-ethereum,ethereum/go-ethereum,Go implementation of the Ethereum protocol,"['blockchain', 'ethereum', 'geth', 'go', 'p2p']",50649,https://github.com/ethereum/go-ethereum
anoma,anoma/anoma,Reference implementation of Anoma,"['blockchain', 'consensus', 'cryptography', 'distributed-systems', 'elixir', 'erlang', 'operating-system', 'p2p', 'protocol']",34151,https://github.com/anoma/anoma
linera-protocol,linera-io/linera-protocol,Main repository for the Linera protocol,"['blockchain', 'rust', 'wasm']",31956,https://github.com/linera-io/linera-protocol
shardeum,shardeum/shardeum,Shardeum is an EVM based autoscaling blockchain,"['blockchain', 'dapp', 'ethereum', 'evm', 'evm-blockchain', 'payments', 'sharding', 'typescript']",31646,https://github.com/shardeum/shardeum
hey,bigint/hey,Hey is a decentralized and permissionless social media app built with Lens Protocol ğŸŒ¿,"['blockchain', 'crypto', 'dapp', 'graphql', 'hacktoberfest', 'lens-protocol', 'nextjs', 'react', 'social-media', 'tailwindcss', 'turborepo', 'typescript', 'vitest', 'wagmi', 'web3']",29518,https://github.com/bigint/hey
fhevm,zama-ai/fhevm,"FHEVM, a full-stack framework for integrating Fully Homomorphic Encryption (FHE) with blockchain applications","['blockchain', 'fhe', 'privacy']",26002,https://github.com/zama-ai/fhevm
solidity,argotorg/solidity,"Solidity, the Smart Contract Programming Language","['blockchain', 'cpp', 'ethereum', 'hacktoberfest', 'language', 'programming-language', 'smartcontracts', 'solidity']",25487,https://github.com/argotorg/solidity
bitcoinbook,bitcoinbook/bitcoinbook,Mastering Bitcoin 3rd Edition - Programming the Open Blockchain,"['bitcoin', 'bitcoin-api', 'blockchain', 'oreilly', 'oreilly-books']",25014,https://github.com/bitcoinbook/bitcoinbook
ethereumbook,ethereumbook/ethereumbook,"Mastering Ethereum: 2nd Edition, by Andreas M. Antonopoulos, Gavin Wood, Carlo Parisi, Alessandro Mazza, NiccolÃ² Pozzolini","['blockchain', 'book', 'dapp', 'devp2p', 'embark', 'ethereum', 'oreilly', 'smart-contracts', 'solidity', 'token', 'truffle-framework', 'web3js']",21376,https://github.com/ethereumbook/ethereumbook
gun,amark/gun,An open source cybersecurity protocol for syncing decentralized graph data.,"['artificial-intelligence', 'big-data', 'blockchain', 'crdt', 'crypto', 'cryptography', 'dapp', 'database', 'decentralized', 'dweb', 'encryption', 'end-to-end', 'graph', 'machine-learning', 'metaverse', 'offline-first', 'p2p', 'protocol', 'realtime', 'web3']",18838,https://github.com/amark/gun
diem,diem/diem,Diemâ€™s mission is to build a trusted and innovative financial network that empowers people and businesses around the world.,['blockchain'],16709,https://github.com/diem/diem
fabric,hyperledger/fabric,Hyperledger Fabric is an enterprise-grade permissioned distributed ledger framework for developing solutions and applications. Its modular and versatile design satisfies a broad range of industry use cases. It offers a unique approach to consensus that enables performance at scale while preserving privacy.,"['blockchain', 'confidentiality', 'consensus', 'distributed-ledger', 'fabric', 'hyperledger']",16511,https://github.com/hyperledger/fabric
Qbot,UFund-Me/Qbot,[ğŸ”¥updating ...] AI è‡ªåŠ¨é‡åŒ–äº¤æ˜“æœºå™¨äºº(å®Œå…¨æœ¬åœ°éƒ¨ç½²) AI-powered Quantitative Investment Research Platform. ğŸ“ƒ online docs: https://ufund-me.github.io/Qbot   âœ¨ :news: qbot-mini: https://github.com/Charmve/iQuant,"['backtest', 'bitcoin', 'blockchain', 'deep-learning', 'fintech', 'funds', 'machine-learning', 'pytrade', 'qlib', 'quant-trade', 'quant-trader', 'quantitative-finance', 'quantitative-trading', 'quantization', 'strategies', 'trade-bot', 'trademarks']",15717,https://github.com/UFund-Me/Qbot
solana,solana-labs/solana,"Web-Scale Blockchain for fast, secure, scalable, decentralized apps and marketplaces.","['bitcoin', 'blockchain', 'ledger', 'performance-blockchain', 'rust', 'rustc', 'solana']",14726,https://github.com/solana-labs/solana
truffle,ConsenSys-archive/truffle,":warning: The Truffle Suite is being sunset. For information on ongoing support, migration options and FAQs, visit the Consensys blog. Thank you for all the support over the years.","['blockchain', 'ethereum', 'framework', 'hacktoberfest', 'javascript', 'smart-contract-tools', 'smart-contracts', 'solidity', 'truffle']",13993,https://github.com/ConsenSys-archive/truffle
full-blockchain-solidity-course-js,smartcontractkit/full-blockchain-solidity-course-js,"Learn Blockchain, Solidity, and Full Stack Web3 Development with Javascript","['alchemy', 'blockchain', 'chainlink', 'dao', 'defi', 'eth-security-toolbox', 'ethereum', 'hardhat', 'ipfs', 'javascript', 'moralis', 'nextjs', 'nft', 'openzeppelin', 'reactjs', 'remix', 'smart-contracts', 'solidity', 'thegraphprotocol', 'typescript']",13939,https://github.com/smartcontractkit/full-blockchain-solidity-course-js
WTF-Solidity,AmazingAng/WTF-Solidity,WTF Solidity æç®€å…¥é—¨æ•™ç¨‹ï¼Œä¾›å°ç™½ä»¬ä½¿ç”¨ã€‚Now supports English! å®˜ç½‘: https://wtf.academy,"['airdrop', 'auction', 'blockchain', 'dapp', 'dapps', 'erc20', 'erc721', 'ethereum', 'merkle-tree', 'nft', 'open-source', 'signature-verification', 'smart-contracts', 'solidity', 'solidity-contracts', 'tutorial-code', 'web3']",13789,https://github.com/AmazingAng/WTF-Solidity
full-blockchain-solidity-course-py,smartcontractkit/full-blockchain-solidity-course-py,"Ultimate Solidity, Blockchain, and Smart Contract - Beginner to Expert Full Course | Python Edition","['blockchain', 'chainlink', 'dapp', 'ethereum', 'smart-contracts', 'solidity', 'web3']",11232,https://github.com/smartcontractkit/full-blockchain-solidity-course-py
TDC,mims-harvard/TDC,Therapeutics Commons (TDC): Multimodal Foundation for Therapeutic Science,"['artificial-intelligence', 'benchmarks', 'bioinformatics', 'biology', 'biomedicine', 'biotech', 'cheminformatics', 'chemistry', 'datasets', 'deep-learning', 'drug-discovery', 'machine-learning', 'medicine', 'precision-medicine', 'therapeutics']",1191,https://github.com/mims-harvard/TDC
pylabrobot,PyLabRobot/pylabrobot,interactive & hardware agnostic SDK for lab automation,"['biotech', 'lab-automation']",367,https://github.com/PyLabRobot/pylabrobot
awesome-deep-learning-4-life-sciences,virtualramblas/awesome-deep-learning-4-life-sciences,A collection of resources for Deep Learning in Python for Life Sciences (with focus on biotech and pharma).,"['biotech', 'cheminformatics', 'deeplearning', 'drug-discovery', 'drug-repurposing', 'molecules', 'pharmaceuticals', 'proteins', 'python']",146,https://github.com/virtualramblas/awesome-deep-learning-4-life-sciences
pioreactor,Pioreactor/pioreactor,"Hardware and software for accessible, extensible, and scalable bioreactors. Built on Raspberry Pi.","['algae', 'bacteria', 'biology', 'bioreactor', 'biotech', 'educators', 'evolution', 'fermentation', 'hardware', 'mqtt', 'raspberry-pi', 'raspberrypi', 'science', 'yeast']",131,https://github.com/Pioreactor/pioreactor
chaipcr,chaibio/chaipcr,The software behind Chai's open-source Real-Time PCR instrument,"['bioinformatics', 'biotech', 'biotechnology', 'pcr']",94,https://github.com/chaibio/chaipcr
SmartPeak,AutoFlowResearch/SmartPeak,"Fast and Accurate CE-, GC- and LC-MS(/MS) Data Processing","['analyses', 'bioinformatics', 'biotech', 'biotechnology', 'gc-ms', 'lc-ms', 'lc-msms', 'mass-spectrometry', 'ms-data']",51,https://github.com/AutoFlowResearch/SmartPeak
AI-for-Bio,dlopezyse/AI-for-Bio,A free and collaborative space for Machine Learning ğŸ¤– applied to Biology ğŸ§¬,"['bioinformatics', 'biology', 'biotech', 'biotechnology', 'course', 'data-science', 'education', 'large-language-models', 'llms', 'machine-learning', 'notebooks', 'python']",45,https://github.com/dlopezyse/AI-for-Bio
awesome-ls-ventures,chupvl/awesome-ls-ventures,Awesome list of the data and AI/ML related projects with direct Life Science Companies participation,"['ai', 'biotech', 'drug-design', 'drug-development', 'drug-discovery', 'life-sciences', 'ml', 'pharma']",36,https://github.com/chupvl/awesome-ls-ventures
BioCoin,BioCoinLab/BioCoin,A decentralized platform on Solana enabling individuals to derive value from biological data through AI-driven analysis and complete data sovereignty. First ecosystem where data providers maintain control while contributing to scientific advancement with fair value distribution.,"['ai-valuation', 'biology', 'biotech', 'blockchain', 'data-marketplace', 'data-sovereignty', 'defi', 'healthcare', 'microbiome', 'solana', 'web3']",28,https://github.com/BioCoinLab/BioCoin
demuxalot,arogozhnikov/demuxalot,"Reliable, scalable, efficient demultiplexing for single-cell RNA sequencing","['biotech', 'demultiplexing', 'scrnaseq', 'single-cell-analysis']",26,https://github.com/arogozhnikov/demuxalot
ReactomePy,dvklopfenstein/ReactomePy,Explore biomolecular pathways in Reactome from the command-line or a Python script,"['bioinformatics', 'bioinformatics-analysis', 'bioinformatics-pipeline', 'bioinformatics-scripts', 'bioinformatics-tool', 'biological-networks', 'biotech', 'biotechnology', 'molecular-biology', 'pathway-analysis', 'pathway-enrichment-analysis', 'pathway-models', 'protein-protein-interaction', 'reactome', 'reactome-pathway']",25,https://github.com/dvklopfenstein/ReactomePy
eightos,noduslabs/eightos,Bodymind Operating System ,"['8os', 'artificial-intelligence', 'best-practices', 'biotech', 'body', 'body-practice', 'eightos', 'life-experience', 'lifehack', 'lifestyle', 'movement', 'multimedia', 'music', 'operating-system', 'physical-movement', 'sound', 'video']",17,https://github.com/noduslabs/eightos
OpenHRStrap,MilosRasic98/OpenHRStrap,"OpenHRStrap is an open-source DIY chest-strap heart-rate tracker built around the ESP32. It measures real biosignals through electrodes, filters the signal, and applies the Panâ€“Tompkins algorithm to detect R-peaks and compute heart rate in real time.","['arduino', 'arduino-library', 'biotech', 'ecg', 'ecg-analyzer', 'ecg-classification', 'ecg-data', 'ecg-filtering', 'ecg-qrs-detection', 'ecg-signal', 'ecg-signal-python', 'ecg-signals', 'esp32', 'esp32-arduino', 'fitness-tracker', 'python', 'running', 'running-tracker']",17,https://github.com/MilosRasic98/OpenHRStrap
BioTech-Resources,robertosolari/BioTech-Resources,"Resources for learning Biotechnology, Biology, Synthetic Biology, Genomic and Bioinformatic","['bioinformatics', 'biology', 'biotech', 'biotechnology', 'genetics', 'synbio', 'synthetic-biology']",16,https://github.com/robertosolari/BioTech-Resources
Lodestone-biomagnet-tools,AxelFougues/Lodestone-biomagnet-tools,"Practical biomagnet stimulators for science, development and entertainment! Open source!","['biomagnet', 'biomedical', 'biotech', 'biotechnology', 'cyborg', 'cyborgs', 'haptic', 'haptic-feedback', 'haptics', 'implant', 'implants']",11,https://github.com/AxelFougues/Lodestone-biomagnet-tools
biotechblueprint,paulu-aws/biotechblueprint,AWS Biotech Blueprint Multi-Account,"['audit-account', 'aws', 'biotech', 'blueprint', 'cdk', 'control-tower', 'landingzone', 'research', 'sso', 'transit-account', 'transit-gateway', 'vpn-endpoint']",11,https://github.com/paulu-aws/biotechblueprint
Mycelium-Based-AI-Integration,Mattbusel/Mycelium-Based-AI-Integration,"This repository explores the intersection of synthetic biology and artificial intelligence by leveraging mycelium as a bio-computational substrate. The project aims to give AI systems a ""body"" by integrating machine learning models with the natural properties of mycelium, such as signal conduction, adaptive growth, and environmental reactivity.","['ai', 'biotech', 'biotechnology', 'machine-learning']",6,https://github.com/Mattbusel/Mycelium-Based-AI-Integration
BiotechRussianTranslate,peachboy0/BiotechRussianTranslate,Ğ ÑƒÑÑĞºĞ¸Ğ¹ Ğ¿ĞµÑ€ĞµĞ²Ğ¾Ğ´ Ğ´Ğ»Ñ DLC Biotech Ğ´Ğ»Ñ RimWorld,"['biotech', 'rimworld', 'rimworld-mod', 'translate']",6,https://github.com/peachboy0/BiotechRussianTranslate
bp,bionicles/bp,Bit Pharma is an international biosecurity and medical research risk management firm,"['ai', 'artificial-intelligence', 'biotech', 'deep-learning', 'javascript', 'marketplace', 'pharmaceuticals', 'python', 'react']",5,https://github.com/bionicles/bp
Gene-Editing-Guide-LM,hayitsian/Gene-Editing-Guide-LM,gRNA editing efficiency predictive model: expansion on GNL scorer.,"['biotech', 'crispr', 'regression-analysis']",4,https://github.com/hayitsian/Gene-Editing-Guide-LM
qlib,microsoft/qlib,"Qlib is an AI-oriented Quant investment platform that aims to use AI tech to empower Quant Research, from exploring ideas to implementing productions. Qlib supports diverse ML modeling paradigms, including supervised learning, market dynamics modeling, and RL, and is now equipped with https://github.com/microsoft/RD-Agent to automate R&D process.","['algorithmic-trading', 'auto-quant', 'deep-learning', 'finance', 'fintech', 'investment', 'machine-learning', 'paper', 'platform', 'python', 'quant', 'quant-dataset', 'quant-models', 'quantitative-finance', 'quantitative-trading', 'research', 'research-paper', 'stock-data']",35284,https://github.com/microsoft/qlib
vnpy,vnpy/vnpy,åŸºäºPythonçš„å¼€æºé‡åŒ–äº¤æ˜“å¹³å°å¼€å‘æ¡†æ¶,"['algotrading', 'finance', 'fintech', 'investment', 'python', 'quant', 'trading', 'vnpy']",35238,https://github.com/vnpy/vnpy
FinGPT,AI4Finance-Foundation/FinGPT,FinGPT: Open-Source Financial Large Language Models!  Revolutionize ğŸ”¥    We release the trained model on HuggingFace.,"['chatgpt', 'finance', 'fingpt', 'fintech', 'large-language-models', 'machine-learning', 'nlp', 'prompt-engineering', 'pytorch', 'reinforcement-learning', 'robo-advisor', 'sentiment-analysis', 'technical-analysis']",18336,https://github.com/AI4Finance-Foundation/FinGPT
Qbot,UFund-Me/Qbot,[ğŸ”¥updating ...] AI è‡ªåŠ¨é‡åŒ–äº¤æ˜“æœºå™¨äºº(å®Œå…¨æœ¬åœ°éƒ¨ç½²) AI-powered Quantitative Investment Research Platform. ğŸ“ƒ online docs: https://ufund-me.github.io/Qbot   âœ¨ :news: qbot-mini: https://github.com/Charmve/iQuant,"['backtest', 'bitcoin', 'blockchain', 'deep-learning', 'fintech', 'funds', 'machine-learning', 'pytrade', 'qlib', 'quant-trade', 'quant-trader', 'quantitative-finance', 'quantitative-trading', 'quantization', 'strategies', 'trade-bot', 'trademarks']",15717,https://github.com/UFund-Me/Qbot
tushare,waditu/tushare,TuShare is a utility for crawling historical data of China stocks,"['finance', 'fintech', 'pandas', 'python', 'realtime-quotes-data', 'stock-data', 'stock-market', 'tushare']",14260,https://github.com/waditu/tushare
FinRL,AI4Finance-Foundation/FinRL,FinRLÂ®:  Financial Reinforcement Learning. ğŸ”¥,"['algorithmic-trading', 'deep-reinforcement-learning', 'drl-algorithms', 'drl-framework', 'drl-trading-agents', 'finance', 'fintech', 'multi-agent-learning', 'openai-gym', 'pythorch', 'stock-markets', 'stock-trading', 'tensorflow2', 'trading-tasks']",13676,https://github.com/AI4Finance-Foundation/FinRL
akaunting,akaunting/akaunting,Online Accounting Software,"['accounting', 'akaunting', 'balance', 'billing', 'bookkeeping', 'budget', 'crm', 'erp', 'expenses', 'finance', 'fintech', 'invoices', 'invoicing', 'laravel', 'laravel-application', 'money', 'payments', 'payroll', 'php']",9491,https://github.com/akaunting/akaunting
lago,getlago/lago,"Open Source Metering and Usage Based Billing API â­ï¸ Consumption tracking, Subscription management, Pricing iterations, Payment orchestration & Revenue analytics","['analytics', 'billing', 'clickhouse', 'events', 'fintech', 'go', 'ingestion', 'invoices', 'metering', 'open-source', 'payments', 'pricing', 'pricing-data-science', 'react', 'ruby', 'self-hosted', 'subscriptions', 'usage-based-billing']",9020,https://github.com/getlago/lago
ghostfolio,ghostfolio/ghostfolio,Open Source Wealth Management Software. Angular + NestJS + Prisma + Nx + TypeScript ğŸ¤,"['angular', 'etf', 'finance', 'fintech', 'ghostfolio', 'hacktoberfest', 'investing', 'nestjs', 'oss', 'personal-finance', 'portfolio', 'prisma', 'software', 'stock', 'tracker', 'trading', 'typescript', 'wealth-management', 'web']",7384,https://github.com/ghostfolio/ghostfolio
blockchain_guide,yeasy/blockchain_guide,"Introduce blockchain related technologies, from theory to practice with bitcoin, ethereum and hyperledger.","['bitcoin', 'blockchain', 'book', 'distributed-ledger', 'distributed-system', 'ethereum', 'fintech', 'hyperledger', 'technology']",7060,https://github.com/yeasy/blockchain_guide
wondertrader,wondertrader/wondertrader,WonderTraderâ€”â€”é‡åŒ–ç ”å‘äº¤æ˜“ä¸€ç«™å¼æ¡†æ¶,"['algotrading', 'cpp', 'cta', 'fintech', 'hft', 'python', 'quant', 'trading', 'wondertrader']",5762,https://github.com/wondertrader/wondertrader
moreThanFAANGM,Kaustubh-Natuskar/moreThanFAANGM,This repository contains opportunities for you to apply to more than 400 product base companies(NOT JUST FAANGM) & good start-ups.,"['appliances', 'ecommerce', 'edtech', 'electronics', 'engineering', 'faang', 'fintech', 'hacktoberfest', 'hacktoberfest-2024', 'it', 'jobs', 'non-tech', 'notjustfaang', 'notjusttech', 'opportunities', 'sde', 'semiconductor']",5013,https://github.com/Kaustubh-Natuskar/moreThanFAANGM
zvt,zvtvz/zvt,modular quant framework.,"['algorithmic-trading', 'backtesting', 'cryptocurrency', 'fintech', 'fundamental-analysis', 'machine-learning', 'ml', 'python', 'quant', 'quantitative-finance', 'quantitative-trading', 'stock', 'stock-market', 'technical-analysis', 'trading-bot', 'trading-platform', 'trading-strategies', 'zvt']",3895,https://github.com/zvtvz/zvt
hikyuu,fasiondog/hikyuu,Hikyuu Quant Framework åŸºäºC++/Pythonçš„æé€Ÿå¼€æºé‡åŒ–äº¤æ˜“ç ”ç©¶æ¡†æ¶ï¼ŒåŒæ—¶å¯åŸºäºç­–ç•¥éƒ¨ä»¶è¿›è¡Œèµ„äº§é‡ç”¨ï¼Œå¿«é€Ÿç´¯ç§¯ç­–ç•¥èµ„äº§ã€‚,"['algorithms-trading', 'backtesting', 'cpp', 'finance', 'fintech', 'python', 'quant', 'stock', 'system-trading', 'trading', 'vestment']",2928,https://github.com/fasiondog/hikyuu
FISCO-BCOS,FISCO-BCOS/FISCO-BCOS,"FISCO BCOSï¼ˆå‘éŸ³ä¸º/ËˆfÉªskl bi:ËˆkÉ’z/ï¼‰æ˜¯ä¸€ä¸ªç¨³å®šã€é«˜æ•ˆã€å®‰å…¨çš„è®¸å¯åŒºå—é“¾å¹³å°ï¼Œå·²è¢«å¹¿æ³›åº”ç”¨äºç°å®çš„è¡Œä¸šåº”ç”¨ã€‚æˆªè‡³ç›®å‰ï¼Œå·²æ‹¥æœ‰5000å¤šå®¶ä¼äº‹ä¸šå•ä½ï¼Œ400å¤šä¸ªäº§ä¸šæ•°å­—åŒ–æ ‡æ†åº”ç”¨ï¼Œæ¶µç›–æ–‡åŒ–ç‰ˆæƒã€å¸æ³•æœåŠ¡ã€æ”¿åºœæœåŠ¡ã€ç‰©è”ç½‘ã€é‡‘èã€æ™ºæ…§ç¤¾åŒºã€æˆ¿åœ°äº§å»ºè®¾ã€ç¤¾åŒºæ²»ç†ã€ä¹¡æ‘æŒ¯å…´ç­‰é¢†åŸŸã€‚FISCO BCOS (pronounced /ËˆfÉªskl bi:ËˆkÉ’z/) is a stable, efficient, and secure permissioned blockchain platform that has been widely used in real-world industry applications. ","['bcos', 'blockchain', 'consensus', 'consortium', 'crud', 'crypto', 'evm', 'fintech', 'fisco', 'fisco-bcos', 'p2p', 'pbft', 'precompiled', 'raft', 'rpc', 'security', 'solidity', 'synchronization', 'zero-knowledge']",2543,https://github.com/FISCO-BCOS/FISCO-BCOS
TradeMaster,TradeMaster-NTU/TradeMaster,TradeMaster is an open-source platform for quantitative trading empowered by reinforcement learning :fire: :zap: :rainbow:,"['finance', 'fintech', 'investment-strategies', 'jupyter-notebook', 'machine-learning', 'python', 'pytorch', 'quantitative-trading', 'reinforcement-learning', 'stock-market', 'trading-platform']",2362,https://github.com/TradeMaster-NTU/TradeMaster
finta,peerchemist/finta,Common financial technical indicators implemented in Pandas.,"['algorithmic-trading', 'algotrading', 'fintech', 'pandas', 'python', 'technical-analysis', 'trading', 'trading-algorithms', 'trading-strategy']",2237,https://github.com/peerchemist/finta
fineract,apache/fineract,Apache Fineract,"['apache', 'banking', 'finance', 'fintech', 'group-lending', 'group-savings', 'java', 'lending', 'loans', 'microfinance', 'savings', 'social-impact', 'tech4good']",1959,https://github.com/apache/fineract
awesome-deep-trading,cbailes/awesome-deep-trading,List of awesome resources for machine learning-based algorithmic trading,"['cryptocurrency', 'deep-learning', 'deep-neural-networks', 'deep-reinforcement-learning', 'deep-trading', 'fintech', 'frequency-trading', 'machine-learning', 'quantitative-trading', 'stock-trading', 'trading-algorithms', 'trading-bot', 'trading-bots']",1821,https://github.com/cbailes/awesome-deep-trading
openmeter,openmeterio/openmeter,"Metering and Billing for AI, API and DevOps. Collect and aggregate millions of usage events in real-time and enable usage-based billing.","['analytics', 'billing', 'clickhouse', 'cost', 'finops', 'fintech', 'golang', 'kafka', 'metering', 'payment', 'pricing', 'stripe', 'usage', 'usage-based-billing', 'usage-based-pricing']",1774,https://github.com/openmeterio/openmeter
hey,bigint/hey,Hey is a decentralized and permissionless social media app built with Lens Protocol ğŸŒ¿,"['blockchain', 'crypto', 'dapp', 'graphql', 'hacktoberfest', 'lens-protocol', 'nextjs', 'react', 'social-media', 'tailwindcss', 'turborepo', 'typescript', 'vitest', 'wagmi', 'web3']",29518,https://github.com/bigint/hey
web3.js,web3/web3.js,Collection of comprehensive TypeScript libraries for Interaction with the Ethereum JSON RPC API and utility functions.,"['abi-decoders', 'abi-encoders', 'api', 'ethereum', 'javascript', 'typescript', 'web3', 'web3js']",19969,https://github.com/web3/web3.js
gun,amark/gun,An open source cybersecurity protocol for syncing decentralized graph data.,"['artificial-intelligence', 'big-data', 'blockchain', 'crdt', 'crypto', 'cryptography', 'dapp', 'database', 'decentralized', 'dweb', 'encryption', 'end-to-end', 'graph', 'machine-learning', 'metaverse', 'offline-first', 'p2p', 'protocol', 'realtime', 'web3']",18838,https://github.com/amark/gun
WTF-Solidity,AmazingAng/WTF-Solidity,WTF Solidity æç®€å…¥é—¨æ•™ç¨‹ï¼Œä¾›å°ç™½ä»¬ä½¿ç”¨ã€‚Now supports English! å®˜ç½‘: https://wtf.academy,"['airdrop', 'auction', 'blockchain', 'dapp', 'dapps', 'erc20', 'erc721', 'ethereum', 'merkle-tree', 'nft', 'open-source', 'signature-verification', 'smart-contracts', 'solidity', 'solidity-contracts', 'tutorial-code', 'web3']",13789,https://github.com/AmazingAng/WTF-Solidity
full-blockchain-solidity-course-py,smartcontractkit/full-blockchain-solidity-course-py,"Ultimate Solidity, Blockchain, and Smart Contract - Beginner to Expert Full Course | Python Edition","['blockchain', 'chainlink', 'dapp', 'ethereum', 'smart-contracts', 'solidity', 'web3']",11232,https://github.com/smartcontractkit/full-blockchain-solidity-course-py
ET,egametang/ET,Unity3D Client And C# Server Framework,"['actor', 'c-sharp', 'dotnet', 'game', 'game-engine', 'meta', 'metaverse', 'mmo', 'mmorpg', 'server', 'unity', 'unity3d', 'web3']",9624,https://github.com/egametang/ET
ethers.js,ethers-io/ethers.js,Complete Ethereum library and wallet implementation in JavaScript.,"['blockchain', 'ethereum', 'ethers', 'javascript', 'typescript', 'web3']",8627,https://github.com/ethers-io/ethers.js
mist,ethereum/mist,[DEPRECATED] Mist. Browse and use Ãapps on the Ethereum network.,"['blockchain', 'browser', 'electron', 'ethereum', 'geth', 'meteor', 'web3']",7449,https://github.com/ethereum/mist
awesome-solidity,bkrem/awesome-solidity,"âŸ  A curated list of awesome Solidity resources, libraries, tools and more","['awesome', 'awesome-list', 'contract-solidity', 'dapps', 'ethereum', 'linter-solidity', 'lists', 'resources', 'solidity', 'solidity-compiler', 'solidity-contracts', 'solidity-coverage', 'solidity-dapps', 'solidity-language', 'solidity-parser', 'solidity-security', 'solidity-web', 'web3', 'web3-dapp', 'web3-solidity']",6993,https://github.com/bkrem/awesome-solidity
wagmi,wevm/wagmi,Reactive primitives for Ethereum apps,"['dapp', 'ethereum', 'hooks', 'react', 'typescript', 'viem', 'vue', 'wagmi', 'web3']",6634,https://github.com/wevm/wagmi
intentkit,crestalnetwork/intentkit,"An open and fair framework for everyone to build AI agents equipped with powerful skills. Launch your agent, improve the world, your wallet, or both!","['agentic-workflow', 'ai', 'ai-agent', 'ai-agent-framework', 'blockchain', 'intents', 'launchpad', 'python', 'web3']",6480,https://github.com/crestalnetwork/intentkit
DeFiHackLabs,SunWeb3Sec/DeFiHackLabs,Reproduce DeFi hacked incidents using Foundry.,"['defi', 'ethereum', 'foundry', 'solidity', 'web3']",6343,https://github.com/SunWeb3Sec/DeFiHackLabs
melonJS,melonjs/melonJS,"a fresh, modern & lightweight HTML5 game engine","['2d-game-engine', 'canvas2d', 'contributions-welcome', 'es6', 'game-development', 'game-engine', 'gamedev', 'hacktoberfest', 'html5', 'html5-canvas', 'javascript', 'melonjs', 'tiled', 'typescript', 'web3', 'webaudio', 'webgl', 'webgl2']",6208,https://github.com/melonjs/melonJS
ethereum-org-website,ethereum/ethereum-org-website,Ethereum.org is a primary online resource for the Ethereum community.,"['blockchain', 'chakra-ui', 'ethereum', 'nextjs', 'react', 'typescript', 'web3']",5822,https://github.com/ethereum/ethereum-org-website
web3-react,Uniswap/web3-react,"A simple, maximally extensible, dependency minimized framework for building modern Ethereum dApps","['dapp', 'ethereum', 'javascript', 'typescript', 'web3']",5696,https://github.com/Uniswap/web3-react
PoWFaucet,pk910/PoWFaucet,"Modularized faucet for EVM chains with different protection methods (Captcha, Mining, IP, Mainnet Balance, Gitcoin Passport and more)","['ethereum', 'faucet', 'sybil-resistance', 'testnet', 'testnet-faucet', 'web3']",5348,https://github.com/pk910/PoWFaucet
gaianet-node,GaiaNet-AI/gaianet-node,"Install, run and deploy your own decentralized AI agent service","['agentic-ai', 'agentic-framework', 'ai', 'ai-agents', 'chatbot', 'decentralized', 'ethereum', 'hacktoberfest', 'hacktoberfest-accepted', 'machine-learning', 'mcp', 'ml', 'web3']",5008,https://github.com/GaiaNet-AI/gaianet-node
project_web3.0,adrianhajdin/project_web3.0,"This is a code repository for the corresponding video tutorial. In this video, we're going to build a Web 3.0 React Solidity Blockchain Application","['smart-contracts', 'solidity', 'web3']",4264,https://github.com/adrianhajdin/project_web3.0
ethereum-boilerplate,ethereum-boilerplate/ethereum-boilerplate,"The ultimate NextJS Ethereum Dapp Boilerplate which gives you maximum flexibility and speed. Feel free to fork and contribute. Although this repo is called ""Ethereum Boilerplate"" it works with any EVM system and since it uses Moralis SDK You can even use it on Solana!  Happy BUIDL!ğŸ‘·â€â™‚ï¸","['bsc-boilerplate', 'dapp-boilerplate', 'dapp-example', 'ethereum', 'ethereum-boilerplate', 'ethereum-client', 'ethereum-react', 'moralis', 'nextjs', 'nextjs-starter', 'polygon-boilerplate', 'react', 'web3']",4164,https://github.com/ethereum-boilerplate/ethereum-boilerplate
eattheblocks,jklepatch/eattheblocks,"Source code for Eat The Blocks, a screencast for Ethereum Dapp Developers","['blockchain', 'ethereum', 'screencast-series', 'solidity', 'truffle', 'truffle-framework', 'tutorial', 'web3']",4005,https://github.com/jklepatch/eattheblocks
